[
  { "color" : "blue",
    "content" : "更进一步地，实际工作中，我们更希望通过一个排版文件，来设置需要排版的文字的 ",
    "size" : 16,
    "type" : "txt"
  },
 {
 "type" : "img",
 "width" : 320,
 "height" : 160,
 "imgUrl" : "https://ss2.baidu.com/-vo3dSag_xI4khGko9WTAnF6hhy/image/h%3D200/sign=2c9c0ce6b53533faeab6942e98d2fdca/0eb30f2442a7d933fdd1619ba94bd11372f001d8.jpg"
 },
  { "color" : "red",
    "content" : "内容、颜色、字体",
    "size" : 22,
    "type" : "txt"
  },
  { "color" : "black",
    "content" : "大小等信息。\n",
    "size" : 16,
    "type" : "txt"
  },
  { "color" : "default",
    "content" : "我在开发猿题库应用时，自己定义了一个基于UBB的排版模版。但是实现该排版文件的解析器要花费大量的篇幅，考虑到这并不是本章的重点，所以我们以一个较简单的排版文件来讲解其思想。",
    "type" : "txt"
  },
  { 
    "type" : "img",
    "width" : 50,
    "height" : 32,
    "imgUrl" : "https://ss1.baidu.com/-4o3dSag_xI4khGko9WTAnF6hhy/image/h%3D200/sign=c544ecee5d82b2b7b89f3ec401accb0a/b2de9c82d158ccbf0881c1d01dd8bc3eb135411e.jpg"
  },
  { "color" : "default",
    "content" : "这在这里尝试放一个参考链接：",
    "type" : "txt"
  },
  { "color" : "blue",
    "content" : "链接文字",
    "url" : "http://blog.devtang.com",
    "type" : "link"
  },
  { "color" : "default",
    "content" : "大家可以尝试点击一下",
    "type" : "txt"
  }
]